Datasets,compute time(hrs),modality
NKI,3.634444444,anat
NKI,4.6625,anat
NKI,3.85,anat
NKI,3.717222222,anat
NKI,4.505833333,anat
NKI,4.577222222,anat
NKI,3.788055556,anat
NKI,4.52,anat
NKI,4.042777778,anat
NKI,3.778888889,anat
NKI,3.733055556,anat
NKI,4.624166667,anat
NKI,4.563333333,anat
NKI,3.905277778,anat
NKI,3.724444444,anat
NKI,3.752777778,anat
NKI,4.565,anat
NKI,3.643055556,anat
NKI,4.679444444,anat
NKI,4.781944444,anat
NKI,3.545833333,anat
NKI,4.643055556,anat
NKI,3.793333333,anat
NKI,3.811111111,anat
NKI,3.658888889,anat
NKI,4.583055556,anat
NKI,4.728888889,anat
NKI,4.593611111,anat
NKI,4.596944444,anat
NKI,3.626944444,anat
NKI,4.526111111,anat
NKI,4.4825,anat
NKI,3.809166667,anat
NKI,3.748333333,anat
NKI,4.645833333,anat
NKI,3.807222222,anat
NKI,4.642777778,anat
NKI,4.523333333,anat
NKI,4.664722222,anat
NKI,3.601666667,anat
NKI,3.6975,anat
NKI,4.641388889,anat
NKI,4.580833333,anat
NKI,4.57,anat
NKI,4.683055556,anat
NKI,4.630555556,anat
NKI,4.6175,anat
NKI,4.566388889,anat
NKI,4.56,anat
NKI,3.728333333,anat
NKI,4.5325,anat
NKI,4.612222222,anat
NKI,4.623333333,anat
NKI,4.575277778,anat
NKI,4.571666667,anat
NKI,4.641666667,anat
NKI,3.633055556,anat
NKI,3.704722222,anat
NKI,4.580277778,anat
NKI,4.661388889,anat
NKI,4.585277778,anat
NKI,4.530555556,anat
NKI,4.534444444,anat
NKI,3.567777778,anat
NKI,4.536111111,anat
NKI,4.703055556,anat
NKI,4.54,anat
NKI,3.750555556,anat
NKI,3.4725,anat
NKI,4.587777778,anat
NKI,4.586666667,anat
NKI,4.510555556,anat
NKI,4.522777778,anat
NKI,4.549444444,anat
NKI,4.681388889,anat
NKI,4.6025,anat
NKI,4.571388889,anat
NKI,3.519444444,anat
NKI,4.638611111,anat
NKI,4.592777778,anat
NKI,4.476388889,anat
NKI,4.59,anat
NKI,3.766111111,anat
NKI,3.778611111,anat
NKI,3.66,anat
NKI,4.762222222,anat
NKI,3.882777778,anat
NKI,4.546944444,anat
NKI,3.765555556,anat
NKI,3.844166667,anat
NKI,3.962777778,anat
NKI,3.609166667,anat
NKI,3.896666667,anat
NKI,3.580277778,anat
NKI,4.578055556,anat
NKI,3.865,anat
NKI,3.690555556,anat
NKI,3.781944444,anat
NKI,3.9125,anat
NKI,3.819166667,anat
NKI,3.923888889,anat
NKI,3.884722222,anat
NKI,3.828611111,anat
NKI,3.739444444,anat
NKI,3.848333333,anat
NKI,3.749722222,anat
NKI,4.157222222,anat
NKI,4.21,anat
NKI,3.623888889,anat
NKI,3.811388889,anat
NKI,4.636666667,anat
NKI,4.511944444,anat
NKI,3.746944444,anat
NKI,3.466666667,anat
NKI,4.610277778,anat
NKI,3.831111111,anat
NKI,3.831944444,anat
NKI,3.835277778,anat
NKI,3.534444444,anat
NKI,3.728611111,anat
NKI,4.538888889,anat
NKI,3.551666667,anat
NKI,3.559722222,anat
NKI,4.594166667,anat
NKI,3.711111111,anat
NKI,3.477777778,anat
NKI,3.692777778,anat
NKI,4.578055556,anat
NKI,4.495,anat
NKI,4.595277778,anat
NKI,4.542222222,anat
NKI,4.527777778,anat
NKI,4.568055556,anat
NKI,4.550555556,anat
NKI,3.739166667,anat
NKI,4.508333333,anat
NKI,4.553333333,anat
NKI,4.567777778,anat
NKI,4.556944444,anat
NKI,4.482222222,anat
NKI,4.565,anat
NKI,4.539444444,anat
NKI,3.458333333,anat
NKI,4.0425,anat
NKI,4.581388889,anat
NKI,4.519722222,anat
NKI,4.564166667,anat
NKI,4.513611111,anat
NKI,4.5125,anat
NKI,4.471388889,anat
NKI,4.549722222,anat
NKI,3.458888889,anat
NKI,3.5175,anat
NKI,4.565833333,anat
NKI,4.563611111,anat
NKI,4.681111111,anat
NKI,4.654166667,anat
NKI,4.524722222,anat
NKI,4.700833333,anat
NKI,4.585277778,anat
NKI,4.488888889,anat
NKI,4.631111111,anat
NKI,4.505555556,anat
NKI,4.510555556,anat
NKI,4.536944444,anat
NKI,4.618888889,anat
NKI,4.543055556,anat
NKI,4.595277778,anat
NKI,3.562777778,anat
NKI,4.527777778,anat
NKI,4.504722222,anat
NKI,4.535833333,anat
NKI,4.503611111,anat
NKI,4.544166667,anat
NKI,3.843333333,anat
NKI,4.533055556,anat
NKI,4.537777778,anat
NKI,4.599722222,anat
NKI,4.629166667,anat
NKI,4.631111111,anat
NKI,4.515555556,anat
NKI,4.6325,anat
NKI,4.501388889,anat
NKI,4.628888889,anat
NKI,4.560555556,anat
NKI,4.523611111,anat
NKI,4.556944444,anat
NKI,4.573888889,anat
NKI,4.438611111,anat
NKI,4.571388889,anat
NKI,4.575277778,anat
NKI,3.530277778,anat
NKI,4.605555556,anat
NKI,4.573611111,anat
NKI,4.494444444,anat
NKI,4.610833333,anat
NKI,4.539166667,anat
NKI,4.518333333,anat
NKI,4.532777778,anat
NKI,4.505833333,anat
NKI,4.581111111,anat
NKI,4.560555556,anat
NKI,4.531944444,anat
NKI,4.4925,anat
NKI,4.78,anat
NKI,4.507777778,anat
NKI,4.531944444,anat
NKI,4.522222222,anat
NKI,4.730555556,anat
NKI,4.570833333,anat
NKI,4.478611111,anat
NKI,4.532777778,anat
NKI,4.595277778,anat
NKI,4.567222222,anat
NKI,4.541944444,anat
NKI,3.624722222,anat
NKI,4.562777778,anat
NKI,4.441111111,anat
NKI,4.522222222,anat
NKI,4.647222222,anat
NKI,4.503333333,anat
NKI,4.563333333,anat
NKI,4.695277778,anat
NKI,4.5125,anat
NKI,4.536388889,anat
NKI,4.500555556,anat
NKI,4.538333333,anat
NKI,4.573611111,anat
NKI,4.710833333,anat
NKI,4.4925,anat
NKI,4.5875,anat
NKI,3.684444444,anat
NKI,4.581388889,anat
NKI,4.547222222,anat
NKI,4.511944444,anat
NKI,4.535277778,anat
NKI,4.572222222,anat
NKI,4.551666667,anat
NKI,4.591666667,anat
NKI,4.541666667,anat
NKI,4.577777778,anat
NKI,4.563611111,anat
NKI,4.585555556,anat
NKI,4.581944444,anat
NKI,4.601944444,anat
NKI,4.533611111,anat
NKI,4.576666667,anat
NKI,4.598055556,anat
NKI,4.607222222,anat
NKI,4.6425,anat
NKI,4.571388889,anat
NKI,4.538333333,anat
NKI,4.697777778,anat
NKI,4.553611111,anat
NKI,4.613055556,anat
NKI,4.429444444,anat
NKI,4.679722222,anat
NKI,4.564444444,anat
NKI,4.580555556,anat
NKI,4.538333333,anat
NKI,4.554166667,anat
NKI,4.579444444,anat
NKI,4.560277778,anat
NKI,4.598611111,anat
NKI,3.627222222,anat
NKI,4.555277778,anat
NKI,4.618611111,anat
NKI,3.694166667,anat
NKI,4.540555556,anat
NKI,4.528611111,anat
NKI,4.549166667,anat
NKI,4.640277778,anat
NKI,4.546666667,anat
NKI,4.461944444,anat
NKI,4.559166667,anat
NKI,4.579444444,anat
NKI,4.580555556,anat
NKI,4.554444444,anat
NKI,4.523055556,anat
NKI,4.505833333,anat
NKI,4.632222222,anat
NKI,4.673611111,anat
NKI,4.639722222,anat
NKI,3.788055556,anat
NKI,4.565277778,anat
NKI,4.515833333,anat
NKI,4.586944444,anat
NKI,4.529166667,anat
NKI,4.748888889,anat
NKI,4.680555556,anat
NKI,4.533055556,anat
NKI,4.564722222,anat
NKI,4.596944444,anat
NKI,4.583055556,anat
NKI,4.593055556,anat
NKI,4.56,anat
NKI,4.569166667,anat
NKI,4.565,anat
NKI,4.503333333,anat
NKI,4.558888889,anat
NKI,4.667777778,anat
NKI,4.590277778,anat
NKI,4.59,anat
NKI,4.458055556,anat
NKI,4.6,anat
NKI,4.677222222,anat
NKI,4.5425,anat
NKI,4.566388889,anat
NKI,4.551388889,anat
NKI,4.510555556,anat
NKI,4.575277778,anat
NKI,4.653611111,anat
NKI,4.54,anat
NKI,4.600277778,anat
NKI,4.534166667,anat
NKI,4.480833333,anat
NKI,4.559722222,anat
NKI,4.6625,anat
NKI,4.565277778,anat
NKI,4.519166667,anat
NKI,4.525277778,anat
NKI,4.616666667,anat
NKI,4.492777778,anat
NKI,4.544166667,anat
NKI,4.636944444,anat
NKI,4.631666667,anat
NKI,4.648888889,anat
NKI,4.508888889,anat
NKI,4.574444444,anat
NKI,4.523055556,anat
NKI,4.472222222,anat
NKI,4.568888889,anat
NKI,4.646388889,anat
NKI,4.553611111,anat
NKI,4.521944444,anat
NKI,4.548888889,anat
NKI,4.691111111,anat
NKI,4.625277778,anat
NKI,4.566111111,anat
NKI,4.643055556,anat
NKI,4.655555556,anat
NKI,4.668055556,anat
NKI,4.618611111,anat
NKI,4.519722222,anat
NKI,4.658333333,anat
NKI,4.766666667,anat
NKI,4.606666667,anat
NKI,4.541666667,anat
NKI,4.627222222,anat
NKI,3.501111111,anat
NKI,4.55,anat
NKI,4.628888889,anat
NKI,4.622222222,anat
NKI,4.636944444,anat
NKI,4.625555556,anat
NKI,3.678888889,anat
NKI,4.616666667,anat
NKI,4.489166667,anat
NKI,4.554722222,anat
NKI,4.501666667,anat
NKI,3.569166667,anat
NKI,3.565833333,anat
NKI,3.7875,anat
NKI,3.741388889,anat
NKI,3.771388889,anat
NKI,3.6325,anat
NKI,3.789722222,anat
NKI,3.763888889,anat
NKI,4.913888889,anat
NKI,4.926944444,anat
NKI,4.486944444,anat
NKI,4.520555556,anat
NKI,4.536388889,anat
NKI,3.566666667,anat
NKI,3.505555556,anat
NKI,3.431388889,anat
NKI,4.475833333,anat
NKI,3.4925,anat
NKI,4.553333333,anat
NKI,4.567222222,anat
NKI,4.521388889,anat
NKI,4.572777778,anat
NKI,3.514166667,anat
NKI,3.359722222,anat
NKI,3.5825,anat
NKI,3.562222222,anat
NKI,3.486111111,anat
NKI,4.567777778,anat
NKI,3.462222222,anat
NKI,3.536388889,anat
NKI,3.644444444,anat
NKI,3.746944444,anat
NKI,4.6025,anat
NKI,4.707777778,anat
NKI,3.714444444,anat
NKI,4.495555556,anat
NKI,3.786944444,anat
NKI,4.59,anat
NKI,4.131944444,anat
NKI,4.626111111,anat
NKI,3.771388889,anat
NKI,4.527777778,anat
NKI,4.581388889,anat
NKI,3.699166667,anat
NKI,4.545555556,anat
NKI,4.638055556,anat
NKI,4.642777778,anat
NKI,3.783611111,anat
NKI,4.582777778,anat
NKI,3.716388889,anat
NKI,4.7475,anat
NKI,3.796944444,anat
NKI,4.671111111,anat
NKI,3.631111111,anat
NKI,3.794166667,anat
NKI,3.776388889,anat
NKI,3.771388889,anat
NKI,4.686944444,anat
NKI,3.680833333,anat
NKI,3.663055556,anat
NKI,4.571111111,anat
NKI,4.685833333,anat
NKI,3.813055556,anat
NKI,3.785555556,anat
NKI,3.818333333,anat
NKI,3.806944444,anat
NKI,3.544166667,anat
NKI,3.799722222,anat
NKI,4.658888889,anat
NKI,3.529722222,anat
NKI,3.570833333,anat
NKI,3.536388889,anat
NKI,3.894166667,anat
NKI,3.528888889,anat
NKI,3.603333333,anat
NKI,3.508888889,anat
NKI,3.485833333,anat
NKI,3.9025,anat
NKI,3.723055556,anat
NKI,3.549444444,anat
NKI,3.9025,anat
NKI,3.765555556,anat
NKI,3.695555556,anat
NKI,3.459722222,anat
NKI,3.548333333,anat
NKI,3.694444444,anat
NKI,3.535555556,anat
NKI,3.558888889,anat
NKI,3.447777778,anat
NKI,4.122777778,anat
NKI,3.4675,anat
NKI,3.707777778,anat
NKI,4.576388889,anat
NKI,4.561388889,anat
NKI,4.642222222,anat
NKI,4.545,anat
NKI,4.078333333,anat
NKI,4.086388889,anat
NKI,4.098888889,anat
NKI,4.113611111,anat
NKI,4.518333333,anat
NKI,3.755277778,anat
NKI,4.697222222,anat
NKI,4.513333333,anat
NKI,4.563055556,anat
NKI,4.556944444,anat
NKI,4.583611111,anat
NKI,4.5025,anat
NKI,4.623333333,anat
NKI,4.530277778,anat
NKI,4.361666667,anat
NKI,4.356111111,anat
NKI,4.4225,anat
NKI,4.698055556,anat
NKI,3.714444444,anat
NKI,4.556944444,anat
NKI,3.72,anat
NKI,3.745555556,anat
NKI,3.879444444,anat
NKI,4.64,anat
NKI,4.491111111,anat
NKI,4.603888889,anat
NKI,4.627777778,anat
NKI,4.595,anat
NKI,3.906666667,anat
NKI,4.576111111,anat
NKI,4.632777778,anat
NKI,4.675277778,anat
NKI,4.630277778,anat
NKI,4.531111111,anat
NKI,4.518333333,anat
NKI,4.648333333,anat
NKI,4.639444444,anat
NKI,4.670555556,anat
NKI,3.705,anat
NKI,4.593333333,anat
NKI,4.609722222,anat
NKI,4.7275,anat
NKI,4.453333333,anat
NKI,4.523333333,anat
NKI,4.486111111,anat
NKI,4.503888889,anat
NKI,4.459722222,anat
NKI,4.508888889,anat
NKI,4.678611111,anat
NKI,4.556944444,anat
NKI,4.750555556,anat
NKI,4.501666667,anat
NKI,3.695555556,anat
NKI,4.488888889,anat
NKI,3.9125,anat
NKI,4.5725,anat
NKI,4.710833333,anat
NKI,4.660833333,anat
NKI,4.531944444,anat
NKI,4.455277778,anat
NKI,4.668333333,anat
NKI,4.616111111,anat
NKI,4.505833333,anat
NKI,4.526944444,anat
NKI,4.595,anat
NKI,4.563055556,anat
NKI,4.566666667,anat
NKI,4.533333333,anat
NKI,4.693333333,anat
NKI,4.545555556,anat
NKI,4.595555556,anat
NKI,4.526111111,anat
NKI,4.5275,anat
NKI,4.6575,anat
NKI,4.528888889,anat
NKI,4.488055556,anat
NKI,4.554444444,anat
NKI,4.638055556,anat
NKI,4.524444444,anat
NKI,4.609166667,anat
NKI,4.615555556,anat
NKI,4.710833333,anat
NKI,4.495,anat
NKI,4.509722222,anat
NKI,4.550277778,anat
NKI,4.629722222,anat
NKI,4.585277778,anat
NKI,4.582777778,anat
NKI,4.582777778,anat
NKI,4.552777778,anat
NKI,4.565277778,anat
NKI,4.694166667,anat
NKI,4.571666667,anat
NKI,4.539166667,anat
NKI,4.501388889,anat
NKI,4.495555556,anat
NKI,4.586666667,anat
NKI,4.531111111,anat
NKI,4.571944444,anat
NKI,4.661666667,anat
NKI,4.548333333,anat
NKI,4.570277778,anat
NKI,4.539444444,anat
NKI,4.551944444,anat
NKI,4.533611111,anat
NKI,4.659166667,anat
NKI,4.557222222,anat
NKI,4.585,anat
NKI,4.726388889,anat
NKI,4.449444444,anat
NKI,4.676944444,anat
NKI,4.544444444,anat
NKI,4.581111111,anat
NKI,4.566388889,anat
NKI,4.559444444,anat
NKI,4.6525,anat
NKI,4.672222222,anat
NKI,4.572777778,anat
NKI,4.6375,anat
NKI,4.550833333,anat
NKI,4.645833333,anat
NKI,4.566666667,anat
NKI,4.539166667,anat
NKI,4.612222222,anat
NKI,4.578888889,anat
NKI,4.558055556,anat
NKI,4.550555556,anat
NKI,4.585,anat
NKI,4.524444444,anat
NKI,4.749722222,anat
NKI,4.6025,anat
NKI,4.503333333,anat
NKI,4.596944444,anat
NKI,4.577777778,anat
NKI,4.580833333,anat
NKI,4.551388889,anat
NKI,4.501666667,anat
NKI,4.587777778,anat
NKI,4.550833333,anat
NKI,4.564166667,anat
NKI,4.567777778,anat
NKI,4.568611111,anat
NKI,4.674166667,anat
NKI,4.569166667,anat
NKI,4.685833333,anat
NKI,4.561388889,anat
NKI,4.526666667,anat
NKI,4.676944444,anat
NKI,4.608333333,anat
NKI,4.553888889,anat
NKI,4.576388889,anat
NKI,4.636666667,anat
NKI,4.564444444,anat
NKI,3.492777778,anat
NKI,4.588888889,anat
NKI,4.578333333,anat
NKI,4.55,anat
NKI,4.6575,anat
NKI,4.706944444,anat
NKI,4.557777778,anat
NKI,4.597777778,anat
NKI,4.6825,anat
NKI,4.552222222,anat
NKI,4.498611111,anat
NKI,4.557777778,anat
NKI,4.585555556,anat
NKI,4.561666667,anat
NKI,4.555833333,anat
NKI,4.523611111,anat
NKI,4.631944444,anat
NKI,4.635277778,anat
NKI,4.49,anat
NKI,4.499166667,anat
NKI,4.5225,anat
NKI,4.569444444,anat
NKI,4.588888889,anat
NKI,4.529444444,anat
NKI,4.551111111,anat
NKI,4.553611111,anat
NKI,4.570555556,anat
NKI,4.693611111,anat
NKI,4.543055556,anat
NKI,4.559166667,anat
NKI,4.599444444,anat
NKI,4.575833333,anat
NKI,4.558611111,anat
NKI,4.553333333,anat
NKI,4.569166667,anat
NKI,4.686388889,anat
NKI,4.538333333,anat
NKI,4.614722222,anat
NKI,4.584444444,anat
NKI,4.546388889,anat
NKI,4.665555556,anat
NKI,4.475555556,anat
NKI,4.554722222,anat
NKI,4.581666667,anat
NKI,4.624166667,anat
NKI,4.522222222,anat
NKI,4.692777778,anat
NKI,4.575,anat
NKI,4.6175,anat
NKI,4.553055556,anat
NKI,4.532222222,anat
NKI,4.681388889,anat
NKI,4.571666667,anat
NKI,4.540277778,anat
NKI,4.556111111,anat
NKI,4.585555556,anat
NKI,4.774444444,anat
NKI,4.590277778,anat
NKI,4.549166667,anat
NKI,4.601944444,anat
NKI,4.615555556,anat
NKI,4.572777778,anat
NKI,4.618055556,anat
NKI,4.581666667,anat
NKI,4.6,anat
NKI,4.594444444,anat
NKI,4.647222222,anat
NKI,4.551111111,anat
NKI,4.648333333,anat
NKI,4.578611111,anat
NKI,4.6425,anat
NKI,4.544166667,anat
NKI,4.690555556,anat
NKI,3.829722222,anat
NKI,3.731666667,anat
NKI,3.905277778,anat
NKI,4.660555556,anat
NKI,4.635277778,anat
NKI,4.636944444,anat
NKI,3.623055556,anat
NKI,4.115555556,anat
NKI,4.740277778,anat
NKI,4.557222222,anat
NKI,4.615,anat
NKI,4.601388889,anat
NKI,4.661111111,anat
NKI,4.650277778,anat
NKI,4.710555556,anat
NKI,4.723333333,anat
NKI,4.660277778,anat
NKI,4.665555556,anat
NKI,4.610555556,anat
NKI,4.5825,anat
NKI,4.543055556,anat
NKI,4.533333333,anat
NKI,3.938055556,anat
NKI,4.552222222,anat
NKI,4.626111111,anat
NKI,4.517222222,anat
NKI,3.497222222,anat
NKI,3.478888889,anat
NKI,4.648611111,anat
NKI,4.705,anat
NKI,4.559166667,anat
NKI,4.836388889,anat
NKI,4.568888889,anat
NKI,3.743888889,anat
NKI,4.680277778,anat
NKI,3.7125,anat
NKI,4.5525,anat
NKI,4.5925,anat
NKI,4.458333333,anat
NKI,4.665555556,anat
NKI,4.530555556,anat
NKI,4.800833333,anat
NKI,4.574444444,anat
NKI,4.565,anat
NKI,4.505555556,anat
NKI,4.575833333,anat
NKI,3.763888889,anat
NKI,4.615,anat
NKI,4.542222222,anat
NKI,3.866111111,anat
NKI,4.576111111,anat
NKI,4.593611111,anat
NKI,4.580277778,anat
NKI,4.499722222,anat
NKI,4.744166667,anat
NKI,4.770833333,anat
NKI,3.701388889,anat
NKI,4.565833333,anat
NKI,4.783333333,anat
NKI,4.581944444,anat
NKI,4.6525,anat
NKI,3.653055556,anat
NKI,4.545277778,anat
NKI,4.681666667,anat
NKI,3.785,anat
NKI,3.549722222,anat
NKI,3.551944444,anat
NKI,3.505555556,anat
NKI,3.988611111,anat
NKI,3.856666667,anat
NKI,3.780555556,anat
NKI,3.97,anat
NKI,3.498611111,anat
NKI,4.513611111,anat
NKI,3.918888889,anat
NKI,4.627222222,anat
NKI,4.548888889,anat
NKI,3.594444444,anat
NKI,4.609166667,anat
NKI,3.801111111,anat
NKI,4.601666667,anat
NKI,4.23,anat
NKI,4.86,anat
NKI,3.885555556,anat
NKI,3.648888889,anat
NKI,3.662222222,anat
NKI,4.515555556,anat
NKI,4.533055556,anat
NKI,4.610277778,anat
NKI,3.765555556,anat
NKI,4.601388889,anat
NKI,4.5475,anat
NKI,4.595555556,anat
NKI,4.6075,anat
NKI,4.653333333,anat
NKI,4.511944444,anat
NKI,4.624166667,anat
NKI,4.5675,anat
NKI,4.5825,anat
NKI,4.545,anat
NKI,4.538888889,anat
NKI,4.5675,anat
NKI,3.680555556,anat
NKI,3.503611111,anat
NKI,3.824444444,anat
NKI,4.774166667,anat
NKI,4.538888889,anat
NKI,4.565833333,anat
NKI,4.551111111,anat
NKI,4.551944444,anat
NKI,3.74,anat
NKI,4.496388889,anat
NKI,4.6075,anat
NKI,4.568888889,anat
NKI,4.678055556,anat
NKI,4.788055556,anat
NKI,4.569166667,anat
NKI,4.502222222,anat
NKI,4.536388889,anat
NKI,4.528333333,anat
NKI,4.580833333,anat
NKI,4.587222222,anat
NKI,3.6525,anat
NKI,3.695277778,anat
NKI,4.559722222,anat
NKI,3.775,anat
NKI,4.499166667,anat
NKI,4.53,anat
NKI,3.476944444,anat
NKI,3.714444444,anat
NKI,4.654722222,anat
NKI,4.550277778,anat
NKI,3.495,anat
NKI,4.497777778,anat
NKI,4.5325,anat
NKI,4.532777778,anat
NKI,4.498888889,anat
NKI,4.55,anat
NKI,4.568888889,anat
NKI,4.59,anat
NKI,4.573611111,anat
NKI,4.506388889,anat
NKI,4.595277778,anat
NKI,4.584722222,anat
NKI,3.838055556,anat
NKI,3.9575,anat
NKI,3.879722222,anat
NKI,4.478888889,anat
NKI,3.855555556,anat
NKI,4.487777778,anat
NKI,3.851944444,anat
NKI,4.535555556,anat
NKI,4.520555556,anat
NKI,4.553333333,anat
NKI,4.486944444,anat
NKI,3.868611111,anat
NKI,3.840277778,anat
NKI,3.879444444,anat
NKI,4.493055556,anat
NKI,4.601388889,anat
NKI,4.52,anat
NKI,3.827777778,anat
NKI,3.768055556,anat
NKI,4.492222222,anat
NKI,4.585277778,anat
NKI,4.513055556,anat
NKI,3.735833333,anat
NKI,3.829444444,anat
NKI,4.626944444,anat
NKI,4.560555556,anat
NKI,4.604722222,anat
NKI,4.6925,anat
NKI,3.825833333,anat
NKI,4.504444444,anat
NKI,4.499444444,anat
NKI,4.605,anat
NKI,4.545833333,anat
NKI,3.469722222,anat
NKI,3.835277778,anat
NKI,4.605,anat
NKI,4.530277778,anat
NKI,4.567222222,anat
NKI,4.509444444,anat
NKI,4.751666667,anat
NKI,4.558611111,anat
NKI,3.813333333,anat
NKI,4.746111111,anat
NKI,4.556388889,anat
NKI,4.55,anat
NKI,3.801388889,anat
NKI,4.549722222,anat
NKI,4.512777778,anat
NKI,4.569444444,anat
NKI,4.626111111,anat
NKI,4.691666667,anat
NKI,4.556111111,anat
NKI,4.493611111,anat
NKI,4.641111111,anat
NKI,4.61,anat
NKI,0.433611111,asl
NKI,0.333333333,asl
NKI,0.411111111,asl
NKI,0.1025,asl
NKI,0.088055556,asl
NKI,0.395277778,asl
NKI,0.4,asl
NKI,0.096944444,asl
NKI,0.092777778,asl
NKI,0.1025,asl
NKI,0.418611111,asl
NKI,0.395555556,asl
NKI,0.344444444,asl
NKI,0.0975,asl
NKI,0.366111111,asl
NKI,0.335277778,asl
NKI,0.088333333,asl
NKI,0.085,asl
NKI,0.349444444,asl
NKI,0.415277778,asl
NKI,0.088888889,asl
NKI,0.096666667,asl
NKI,0.328888889,asl
NKI,0.340277778,asl
NKI,0.0975,asl
NKI,0.097222222,asl
NKI,0.351944444,asl
NKI,0.329166667,asl
NKI,0.1,asl
NKI,0.084722222,asl
NKI,0.323055556,asl
NKI,0.422777778,asl
NKI,0.098333333,asl
NKI,0.323611111,asl
NKI,0.433333333,asl
NKI,0.083888889,asl
NKI,0.405555556,asl
NKI,0.333055556,asl
NKI,0.094166667,asl
NKI,0.094444444,asl
NKI,0.336944444,asl
NKI,0.093888889,asl
NKI,0.088055556,asl
NKI,0.338611111,asl
NKI,0.390277778,asl
NKI,0.080277778,asl
NKI,0.0975,asl
NKI,0.093611111,asl
NKI,0.318888889,asl
NKI,0.091666667,asl
NKI,0.098055556,asl
NKI,0.455833333,asl
NKI,0.083333333,asl
NKI,0.084166667,asl
NKI,0.411388889,asl
NKI,0.341111111,asl
NKI,0.088055556,asl
NKI,0.087222222,asl
NKI,0.350277778,asl
NKI,0.453611111,asl
NKI,0.095833333,asl
NKI,0.093888889,asl
NKI,0.335277778,asl
NKI,0.099166667,asl
NKI,0.081944444,asl
NKI,0.258333333,asl
NKI,0.233611111,asl
NKI,0.325555556,asl
NKI,0.084722222,asl
NKI,0.094444444,asl
NKI,0.349722222,asl
NKI,0.093333333,asl
NKI,0.093055556,asl
NKI,0.097777778,asl
NKI,0.330555556,asl
NKI,0.420833333,asl
NKI,0.088611111,asl
NKI,0.433333333,asl
NKI,0.338888889,asl
NKI,0.456388889,asl
NKI,0.097222222,asl
NKI,0.093055556,asl
NKI,0.38,asl
NKI,0.098055556,asl
NKI,0.093055556,asl
NKI,0.495833333,asl
NKI,0.098055556,asl
NKI,0.434166667,asl
NKI,0.098611111,asl
NKI,0.351111111,asl
NKI,0.251111111,asl
NKI,0.095833333,asl
NKI,0.330833333,asl
NKI,0.363055556,asl
NKI,0.092777778,asl
NKI,0.212222222,asl
NKI,0.087222222,asl
NKI,0.0975,asl
NKI,0.082222222,asl
NKI,0.470277778,asl
NKI,0.410833333,asl
NKI,0.086666667,asl
NKI,0.097222222,asl
NKI,0.423888889,asl
NKI,0.099166667,asl
NKI,0.083611111,asl
NKI,0.081111111,asl
NKI,0.405277778,asl
NKI,0.458888889,asl
NKI,0.0875,asl
NKI,0.432777778,asl
NKI,0.352777778,asl
NKI,0.093055556,asl
NKI,0.0975,asl
NKI,0.384166667,asl
NKI,0.098333333,asl
NKI,0.088055556,asl
NKI,0.325,asl
NKI,0.401944444,asl
NKI,0.097777778,asl
NKI,0.093333333,asl
NKI,0.421111111,asl
NKI,0.335833333,asl
NKI,0.098055556,asl
NKI,0.086388889,asl
NKI,0.096944444,asl
NKI,0.092777778,asl
NKI,0.098055556,asl
NKI,0.086944444,asl
NKI,0.091111111,asl
NKI,0.395277778,asl
NKI,0.088611111,asl
NKI,0.091944444,asl
NKI,0.359444444,asl
NKI,0.093055556,asl
NKI,0.08,asl
NKI,0.335833333,asl
NKI,0.094166667,asl
NKI,0.0975,asl
NKI,0.091944444,asl
NKI,0.335,asl
NKI,0.385277778,asl
NKI,0.0925,asl
NKI,0.250555556,asl
NKI,0.098055556,asl
NKI,0.349444444,asl
NKI,0.342777778,asl
NKI,0.096666667,asl
NKI,0.093055556,asl
NKI,0.097222222,asl
NKI,0.339166667,asl
NKI,0.096944444,asl
NKI,0.095833333,asl
NKI,0.389722222,asl
NKI,0.444166667,asl
NKI,0.218888889,asl
NKI,0.081666667,asl
NKI,0.402222222,asl
NKI,0.248888889,asl
NKI,0.0975,asl
NKI,0.384166667,asl
NKI,0.381666667,asl
NKI,0.096666667,asl
NKI,0.092777778,asl
NKI,0.096388889,asl
NKI,0.339722222,asl
NKI,0.088055556,asl
NKI,0.402777778,asl
NKI,0.397777778,asl
NKI,0.0975,asl
NKI,0.0925,asl
NKI,0.372222222,asl
NKI,0.091944444,asl
NKI,0.091388889,asl
NKI,0.392222222,asl
NKI,0.083333333,asl
NKI,0.418888889,asl
NKI,0.096944444,asl
NKI,0.096944444,asl
NKI,0.0975,asl
NKI,0.408611111,asl
NKI,0.485,asl
NKI,0.092222222,asl
NKI,0.320555556,asl
NKI,0.342222222,asl
NKI,0.094722222,asl
NKI,0.094722222,asl
NKI,0.318888889,asl
NKI,0.331388889,asl
NKI,0.094722222,asl
NKI,0.088055556,asl
NKI,0.084166667,asl
NKI,0.422222222,asl
NKI,0.446666667,asl
NKI,0.093888889,asl
NKI,0.076944444,asl
NKI,0.098611111,asl
NKI,0.3925,asl
NKI,0.095277778,asl
NKI,0.0775,asl
NKI,0.391388889,asl
NKI,0.328333333,asl
NKI,0.336944444,asl
NKI,0.088055556,asl
NKI,0.2175,asl
NKI,0.089444444,asl
NKI,0.338055556,asl
NKI,0.088333333,asl
NKI,0.365555556,asl
NKI,0.409722222,asl
NKI,0.0825,asl
NKI,0.089722222,asl
NKI,0.093055556,asl
NKI,0.093888889,asl
NKI,0.090277778,asl
NKI,0.417222222,asl
NKI,0.390277778,asl
NKI,0.088333333,asl
NKI,0.088611111,asl
NKI,0.395833333,asl
NKI,0.095,asl
NKI,0.091388889,asl
NKI,0.336666667,asl
NKI,0.093888889,asl
NKI,0.09,asl
NKI,0.088333333,asl
NKI,0.095,asl
NKI,0.416944444,asl
NKI,0.405833333,asl
NKI,0.088333333,asl
NKI,0.090555556,asl
NKI,0.406388889,asl
NKI,0.093888889,asl
NKI,0.095555556,asl
NKI,0.336388889,asl
NKI,0.467222222,asl
NKI,0.088611111,asl
NKI,0.088611111,asl
NKI,0.39,asl
NKI,0.391388889,asl
NKI,0.091388889,asl
NKI,0.077777778,asl
NKI,0.407222222,asl
NKI,0.095277778,asl
NKI,0.088888889,asl
NKI,0.419444444,asl
NKI,0.370833333,asl
NKI,0.0775,asl
NKI,0.088611111,asl
NKI,0.396666667,asl
NKI,0.088055556,asl
NKI,0.090833333,asl
NKI,0.431666667,asl
NKI,0.429722222,asl
NKI,0.245,asl
NKI,0.088611111,asl
NKI,0.441666667,asl
NKI,0.428055556,asl
NKI,0.091111111,asl
NKI,0.09,asl
NKI,0.378611111,asl
NKI,0.093611111,asl
NKI,0.085277778,asl
NKI,0.221666667,asl
NKI,0.083333333,asl
NKI,0.437777778,asl
NKI,0.420833333,asl
NKI,0.095277778,asl
NKI,0.088055556,asl
NKI,0.095,asl
NKI,0.221111111,asl
NKI,0.435833333,asl
NKI,0.418611111,asl
NKI,0.096666667,asl
NKI,0.096111111,asl
NKI,0.086944444,asl
NKI,0.426388889,asl
NKI,0.096666667,asl
NKI,0.088888889,asl
NKI,0.397222222,asl
NKI,0.093888889,asl
NKI,0.087777778,asl
NKI,0.091388889,asl
NKI,0.3725,asl
NKI,0.096944444,asl
NKI,0.408611111,asl
NKI,0.101111111,asl
NKI,0.485,asl
NKI,0.245277778,asl
NKI,0.098888889,asl
NKI,0.451666667,asl
NKI,0.086666667,asl
NKI,0.0925,asl
NKI,0.093333333,asl
NKI,0.090555556,asl
NKI,0.26,asl
NKI,0.423611111,asl
NKI,0.466666667,asl
NKI,0.425555556,asl
NKI,0.093333333,asl
NKI,0.250555556,asl
NKI,0.317222222,asl
NKI,0.095833333,asl
NKI,0.096111111,asl
NKI,0.096111111,asl
NKI,0.086944444,asl
NKI,0.09,asl
NKI,0.092777778,asl
NKI,0.083333333,asl
NKI,0.099722222,asl
NKI,0.487777778,asl
NKI,0.238055556,asl
NKI,0.384444444,asl
NKI,0.087777778,asl
NKI,0.088333333,asl
NKI,0.427777778,asl
NKI,0.0875,asl
NKI,0.270833333,asl
NKI,0.074722222,asl
NKI,0.094166667,asl
NKI,0.418888889,asl
NKI,0.087777778,asl
NKI,0.089722222,asl
NKI,0.089444444,asl
NKI,0.096388889,asl
NKI,0.330277778,asl
NKI,0.090833333,asl
NKI,0.402222222,asl
NKI,0.475277778,asl
NKI,0.089444444,asl
NKI,0.089444444,asl
NKI,0.321111111,asl
NKI,0.091944444,asl
NKI,0.094444444,asl
NKI,0.465,asl
NKI,0.333333333,asl
NKI,0.0825,asl
NKI,0.090277778,asl
NKI,0.094722222,asl
NKI,0.093611111,asl
NKI,0.441388889,asl
NKI,0.473333333,asl
NKI,0.088888889,asl
NKI,0.095,asl
NKI,0.0825,asl
NKI,0.09,asl
NKI,0.097222222,asl
NKI,0.093888889,asl
NKI,0.414722222,asl
NKI,0.087222222,asl
NKI,0.088611111,asl
NKI,0.093611111,asl
NKI,0.083333333,asl
NKI,0.093888889,asl
NKI,0.457222222,asl
NKI,0.459166667,asl
NKI,0.088611111,asl
NKI,0.093055556,asl
NKI,0.475,asl
NKI,0.0825,asl
NKI,0.093333333,asl
NKI,0.095555556,asl
NKI,0.434722222,asl
NKI,0.097222222,asl
NKI,0.461111111,asl
NKI,0.472222222,asl
NKI,0.093333333,asl
NKI,0.093055556,asl
NKI,0.094722222,asl
NKI,0.086666667,asl
NKI,0.435833333,asl
NKI,0.094444444,asl
NKI,0.085833333,asl
NKI,0.229722222,asl
NKI,0.095555556,asl
NKI,0.475555556,asl
NKI,0.093333333,asl
NKI,0.43,asl
NKI,0.33,asl
NKI,0.339444444,asl
NKI,0.090833333,asl
NKI,0.096111111,asl
NKI,0.465833333,asl
NKI,0.097222222,asl
NKI,0.264444444,asl
NKI,0.079722222,asl
NKI,0.096666667,asl
NKI,0.096666667,asl
NKI,0.466388889,asl
NKI,0.442777778,asl
NKI,0.095277778,asl
NKI,0.090277778,asl
NKI,0.461388889,asl
NKI,0.444166667,asl
NKI,0.094722222,asl
NKI,0.096111111,asl
NKI,0.096944444,asl
NKI,0.453611111,asl
NKI,0.4475,asl
NKI,0.090833333,asl
NKI,0.091944444,asl
NKI,0.094722222,asl
NKI,0.467777778,asl
NKI,0.089722222,asl
NKI,0.099722222,asl
NKI,0.401944444,asl
NKI,0.436666667,asl
NKI,0.095555556,asl
NKI,0.093333333,asl
NKI,0.471388889,asl
NKI,0.092222222,asl
NKI,0.096111111,asl
NKI,0.094166667,asl
NKI,0.449166667,asl
NKI,0.454444444,asl
NKI,0.455833333,asl
NKI,0.460555556,asl
NKI,0.094722222,asl
NKI,0.094166667,asl
NKI,0.093611111,asl
NKI,0.4425,asl
NKI,0.261666667,asl
NKI,0.095,asl
NKI,0.413611111,asl
NKI,0.095,asl
NKI,0.096944444,asl
NKI,0.441666667,asl
NKI,0.091111111,asl
NKI,0.095,asl
NKI,0.081944444,asl
NKI,0.089722222,asl
NKI,0.481388889,asl
NKI,0.0975,asl
NKI,0.096666667,asl
NKI,0.078333333,asl
NKI,0.485,asl
NKI,0.09,asl
NKI,0.091388889,asl
NKI,0.463611111,asl
NKI,0.402777778,asl
NKI,0.089166667,asl
NKI,0.091944444,asl
NKI,0.453888889,asl
NKI,0.088611111,asl
NKI,0.468611111,asl
NKI,0.461388889,asl
NKI,0.095555556,asl
NKI,0.456666667,asl
NKI,0.088888889,asl
NKI,0.09,asl
NKI,0.440833333,asl
NKI,0.0875,asl
NKI,0.093611111,asl
NKI,0.445277778,asl
NKI,0.453333333,asl
NKI,0.456111111,asl
NKI,0.093333333,asl
NKI,0.457777778,asl
NKI,0.452777778,asl
NKI,0.443611111,asl
NKI,0.0925,asl
NKI,0.424444444,asl
NKI,0.265555556,asl
NKI,0.458333333,asl
NKI,0.434444444,asl
NKI,0.442222222,asl
NKI,0.430555556,asl
NKI,0.095277778,asl
NKI,0.413055556,asl
NKI,0.088055556,asl
NKI,0.096944444,asl
NKI,0.425833333,asl
NKI,0.393888889,asl
NKI,0.401944444,asl
NKI,0.090277778,asl
NKI,0.432222222,asl
NKI,0.428611111,asl
NKI,0.299166667,asl
NKI,0.425,asl
NKI,0.4275,asl
NKI,0.094722222,asl
NKI,0.432222222,asl
NKI,0.091666667,asl
NKI,0.088055556,asl
NKI,0.415833333,asl
NKI,0.091111111,asl
NKI,0.427777778,asl
NKI,0.413333333,asl
NKI,0.305555556,asl
NKI,0.413888889,asl
NKI,0.408055556,asl
NKI,0.411111111,asl
NKI,0.094444444,asl
NKI,0.449166667,asl
NKI,0.416111111,asl
NKI,0.415833333,asl
NKI,0.408611111,asl
NKI,0.411944444,asl
NKI,0.4475,asl
NKI,0.095,asl
NKI,0.423888889,asl
NKI,0.095,asl
NKI,0.419166667,asl
NKI,0.416388889,asl
NKI,0.451388889,asl
NKI,0.396666667,asl
NKI,0.403055556,asl
NKI,0.465,asl
NKI,0.454722222,asl
NKI,0.094722222,asl
NKI,0.413888889,asl
NKI,0.413333333,asl
NKI,0.414444444,asl
NKI,0.091111111,asl
NKI,0.415555556,asl
NKI,0.415,asl
NKI,0.405277778,asl
NKI,0.095833333,asl
NKI,0.09,asl
NKI,0.46,asl
NKI,0.0925,asl
NKI,0.461666667,asl
NKI,0.417777778,asl
NKI,0.096388889,asl
NKI,0.094722222,asl
NKI,0.1,asl
NKI,0.461388889,asl
NKI,0.468055556,asl
NKI,0.423055556,asl
NKI,0.422777778,asl
NKI,0.482777778,asl
NKI,0.101666667,asl
NKI,0.446944444,asl
NKI,0.431388889,asl
NKI,0.100555556,asl
NKI,0.429166667,asl
NKI,0.4425,asl
NKI,0.443055556,asl
NKI,0.103055556,asl
NKI,0.450833333,asl
NKI,0.446666667,asl
NKI,0.441388889,asl
NKI,0.1,asl
NKI,0.443611111,asl
NKI,0.4475,asl
NKI,0.103055556,asl
NKI,0.439444444,asl
NKI,0.110277778,asl
NKI,0.438055556,asl
NKI,0.379444444,asl
NKI,0.122222222,asl
NKI,0.431666667,asl
NKI,0.416388889,asl
NKI,0.4075,asl
NKI,0.100555556,asl
NKI,0.445277778,asl
NKI,0.434166667,asl
NKI,0.453611111,asl
NKI,0.100555556,asl
NKI,0.412777778,asl
NKI,0.421111111,asl
NKI,0.290277778,asl
NKI,0.436111111,asl
NKI,0.119444444,asl
NKI,0.287777778,asl
NKI,0.386666667,asl
NKI,0.379166667,asl
NKI,0.124444444,asl
NKI,0.125833333,asl
NKI,0.427777778,asl
NKI,0.375833333,asl
NKI,0.422222222,asl
NKI,0.100555556,asl
NKI,0.108888889,asl
NKI,0.368611111,asl
NKI,0.39,asl
NKI,0.431388889,asl
NKI,0.126388889,asl
NKI,0.413333333,asl
NKI,0.404722222,asl
NKI,0.422777778,asl
NKI,0.121666667,asl
NKI,0.43,asl
NKI,0.409444444,asl
NKI,0.354444444,asl
NKI,0.435277778,asl
NKI,0.348611111,asl
NKI,0.427222222,asl
NKI,0.121388889,asl
NKI,0.418888889,asl
NKI,0.123611111,asl
NKI,0.416111111,asl
NKI,0.1125,asl
NKI,0.408055556,asl
NKI,0.353055556,asl
NKI,0.4225,asl
NKI,0.400833333,asl
NKI,0.435277778,asl
NKI,0.123333333,asl
NKI,0.430555556,asl
NKI,0.366388889,asl
NKI,0.126666667,asl
NKI,0.426111111,asl
NKI,0.116666667,asl
NKI,0.346666667,asl
NKI,0.116111111,asl
NKI,0.358055556,asl
NKI,0.343055556,asl
NKI,0.353333333,asl
NKI,0.116944444,asl
NKI,0.334166667,asl
NKI,0.344722222,asl
NKI,0.391944444,asl
NKI,0.499722222,asl
NKI,0.122222222,asl
NKI,0.400555556,asl
NKI,0.4225,asl
NKI,0.243055556,asl
NKI,0.339722222,asl
NKI,0.410555556,asl
NKI,0.35,asl
NKI,0.105833333,asl
NKI,0.388888889,asl
NKI,0.34,asl
NKI,0.4125,asl
NKI,0.089166667,asl
NKI,0.398611111,asl
NKI,0.422777778,asl
NKI,0.359444444,asl
NKI,0.115555556,asl
NKI,0.413055556,asl
NKI,0.401944444,asl
NKI,0.39,asl
NKI,0.38,asl
NKI,0.395555556,asl
NKI,0.106388889,asl
NKI,0.095,asl
NKI,0.41,asl
NKI,0.091944444,asl
NKI,0.396666667,asl
NKI,0.369166667,asl
NKI,0.095833333,asl
NKI,0.392777778,asl
NKI,0.388333333,asl
NKI,0.312777778,asl
NKI,0.095833333,asl
NKI,0.332222222,asl
NKI,0.375833333,asl
NKI,0.094722222,asl
NKI,0.443055556,asl
NKI,0.424444444,asl
NKI,0.396944444,asl
NKI,0.393333333,asl
NKI,0.096388889,asl
NKI,0.377777778,asl
NKI,0.386111111,asl
NKI,0.316666667,asl
NKI,0.3875,asl
NKI,0.094444444,asl
NKI,0.095833333,asl
NKI,0.483333333,asl
NKI,0.389166667,asl
NKI,0.082777778,asl
NKI,0.382222222,asl
NKI,0.367777778,asl
NKI,0.492777778,asl
NKI,0.396111111,asl
NKI,0.378888889,asl
NKI,0.316944444,asl
NKI,0.094444444,asl
NKI,0.374722222,asl
NKI,0.321111111,asl
NKI,0.328888889,asl
NKI,0.095833333,asl
NKI,0.376944444,asl
NKI,0.393055556,asl
NKI,0.403611111,asl
NKI,0.095833333,asl
NKI,0.383055556,asl
NKI,0.392777778,asl
NKI,0.406944444,asl
NKI,0.395277778,asl
NKI,0.385,asl
NKI,0.089166667,asl
NKI,0.405833333,asl
NKI,0.090833333,asl
NKI,0.076388889,asl
NKI,0.398333333,asl
NKI,0.398055556,asl
NKI,0.494722222,asl
NKI,0.096111111,asl
NKI,0.306388889,asl
NKI,0.093055556,asl
NKI,0.382222222,asl
NKI,0.359444444,asl
NKI,0.387222222,asl
NKI,0.084166667,asl
NKI,0.375277778,asl
NKI,0.39,asl
NKI,0.093333333,asl
NKI,0.095,asl
NKI,0.375833333,asl
NKI,0.334166667,asl
NKI,0.389722222,asl
NKI,0.093055556,asl
NKI,0.383888889,asl
NKI,0.318333333,asl
NKI,0.089722222,asl
NKI,0.415277778,asl
NKI,0.403888889,asl
NKI,0.406944444,asl
NKI,0.497222222,asl
NKI,0.401666667,asl
NKI,0.479722222,asl
NKI,0.089444444,asl
NKI,0.3875,asl
NKI,0.091388889,asl
NKI,0.398055556,asl
NKI,0.087777778,asl
NKI,0.402222222,asl
NKI,0.394444444,asl
NKI,0.376388889,asl
NKI,0.091388889,asl
NKI,0.3225,asl
NKI,0.378611111,asl
NKI,0.300555556,asl
NKI,0.309444444,asl
NKI,0.093888889,asl
NKI,0.311944444,asl
NKI,0.493888889,asl
NKI,0.094166667,asl
NKI,0.346944444,asl
NKI,0.403611111,asl
NKI,0.08,asl
NKI,0.390833333,asl
NKI,0.393888889,asl
NKI,0.39,asl
NKI,0.253333333,asl
NKI,0.368888889,asl
NKI,0.370555556,asl
NKI,0.426388889,asl
NKI,0.393055556,asl
NKI,0.378333333,asl
NKI,0.094444444,asl
NKI,0.090277778,asl
NKI,0.095555556,asl
NKI,0.311111111,asl
NKI,0.380555556,asl
NKI,0.098055556,asl
NKI,0.393611111,asl
NKI,0.096111111,asl
NKI,0.375833333,asl
NKI,0.094166667,asl
NKI,0.096111111,asl
NKI,0.384722222,asl
NKI,0.379166667,asl
NKI,0.390277778,asl
NKI,0.096666667,asl
NKI,0.337777778,asl
NKI,0.446666667,asl
NKI,0.09,asl
NKI,0.313333333,asl
NKI,0.095,asl
NKI,0.376666667,asl
NKI,0.476111111,asl
NKI,0.090833333,asl
NKI,0.367777778,asl
NKI,0.090277778,asl
NKI,0.094444444,asl
NKI,0.369444444,asl
NKI,0.329166667,asl
NKI,0.091388889,asl
NKI,0.405833333,asl
NKI,0.398611111,asl
NKI,0.094444444,asl
NKI,0.482222222,asl
NKI,0.088888889,asl
NKI,0.371944444,asl
NKI,0.392777778,asl
NKI,0.095,asl
NKI,0.384444444,asl
NKI,0.363611111,asl
NKI,0.094722222,asl
NKI,0.413055556,asl
NKI,0.328611111,asl
NKI,0.395277778,asl
NKI,0.483333333,asl
NKI,0.401944444,asl
NKI,0.381666667,asl
NKI,0.331944444,asl
NKI,0.09,asl
NKI,0.373611111,asl
NKI,0.383055556,asl
NKI,0.380555556,asl
NKI,0.076388889,asl
NKI,0.388888889,asl
NKI,0.249166667,asl
NKI,0.477777778,asl
NKI,0.378333333,asl
NKI,0.096111111,asl
NKI,0.383055556,asl
NKI,0.385555556,asl
NKI,0.374722222,asl
NKI,0.087777778,asl
NKI,0.39,asl
NKI,0.368888889,asl
NKI,0.0925,asl
NKI,0.363333333,asl
NKI,0.388611111,asl
NKI,0.388888889,asl
NKI,0.077777778,asl
NKI,0.386944444,asl
NKI,0.383333333,asl
NKI,0.090277778,asl
NKI,0.404166667,asl
NKI,0.334444444,asl
NKI,0.094166667,asl
NKI,0.393333333,asl
NKI,0.095,asl
NKI,0.399444444,asl
NKI,0.323333333,asl
NKI,0.382777778,asl
NKI,0.374444444,asl
NKI,0.097777778,asl
NKI,0.310277778,asl
NKI,0.324166667,asl
NKI,0.345,asl
NKI,0.492222222,asl
NKI,0.395277778,asl
NKI,0.365277778,asl
NKI,0.251111111,asl
NKI,0.384166667,asl
NKI,0.096666667,asl
NKI,0.380833333,asl
NKI,0.095277778,asl
NKI,0.389722222,asl
NKI,0.381666667,asl
NKI,0.095555556,asl
NKI,0.339166667,asl
NKI,0.375555556,asl
NKI,0.401111111,asl
NKI,0.082777778,asl
NKI,0.421388889,asl
NKI,0.387777778,asl
NKI,0.373888889,asl
NKI,0.391666667,asl
NKI,0.082222222,asl
NKI,0.368888889,asl
NKI,0.093888889,asl
NKI,0.362222222,asl
NKI,0.089444444,asl
NKI,0.379166667,asl
NKI,0.393333333,asl
NKI,0.091666667,asl
NKI,0.388055556,asl
NKI,0.388611111,asl
NKI,0.384444444,asl
NKI,0.250555556,asl
NKI,0.331111111,asl
NKI,0.381111111,asl
NKI,0.091388889,asl
NKI,0.0925,asl
NKI,0.370833333,asl
NKI,0.084722222,asl
NKI,0.095,asl
NKI,0.404166667,asl
NKI,0.370555556,asl
NKI,0.088611111,asl
NKI,0.471666667,asl
NKI,0.341111111,asl
NKI,0.381944444,asl
NKI,0.083333333,asl
NKI,0.321388889,asl
NKI,0.400833333,asl
NKI,0.394722222,asl
NKI,0.095555556,asl
NKI,0.373333333,asl
NKI,0.388611111,asl
NKI,0.086388889,asl
NKI,0.390277778,asl
NKI,0.308333333,asl
PNC,3.850277778,anat
PNC,4.671944444,anat
PNC,4.705555556,anat
PNC,4.670277778,anat
PNC,4.616111111,anat
PNC,3.875833333,anat
PNC,4.616666667,anat
PNC,3.871388889,anat
PNC,4.626388889,anat
PNC,4.748333333,anat
PNC,4.6325,anat
PNC,4.6075,anat
PNC,4.715,anat
PNC,3.851666667,anat
PNC,4.611944444,anat
PNC,4.691944444,anat
PNC,4.634166667,anat
PNC,4.5825,anat
PNC,4.635833333,anat
PNC,4.786944444,anat
PNC,4.681944444,anat
PNC,4.624722222,anat
PNC,4.64,anat
PNC,4.511666667,anat
PNC,4.598888889,anat
PNC,4.602777778,anat
PNC,4.445,anat
PNC,4.545277778,anat
PNC,4.506666667,anat
PNC,4.712222222,anat
PNC,3.82,anat
PNC,4.631944444,anat
PNC,4.592222222,anat
PNC,4.707222222,anat
PNC,4.776666667,anat
PNC,4.583888889,anat
PNC,4.569166667,anat
PNC,4.574444444,anat
PNC,4.630833333,anat
PNC,4.654444444,anat
PNC,4.656388889,anat
PNC,4.565,anat
PNC,4.6525,anat
PNC,4.674722222,anat
PNC,4.6625,anat
PNC,4.668888889,anat
PNC,4.923055556,anat
PNC,3.930555556,anat
PNC,4.147222222,anat
PNC,3.985833333,anat
PNC,4.623611111,anat
PNC,4.578611111,anat
PNC,4.560277778,anat
PNC,4.504722222,anat
PNC,4.582222222,anat
PNC,4.626944444,anat
PNC,4.434166667,anat
PNC,4.584444444,anat
PNC,4.592777778,anat
PNC,4.586111111,anat
PNC,4.455555556,anat
PNC,4.536388889,anat
PNC,4.560555556,anat
PNC,4.5625,anat
PNC,3.558055556,anat
PNC,4.598055556,anat
PNC,4.662222222,anat
PNC,4.643055556,anat
PNC,4.619722222,anat
PNC,4.594722222,anat
PNC,4.553611111,anat
PNC,4.665555556,anat
PNC,3.980555556,anat
PNC,4.595277778,anat
PNC,4.723611111,anat
PNC,4.533055556,anat
PNC,4.598055556,anat
PNC,4.603333333,anat
PNC,4.583888889,anat
PNC,4.550555556,anat
PNC,4.560833333,anat
PNC,4.577777778,anat
PNC,4.544166667,anat
PNC,4.568055556,anat
PNC,4.569444444,anat
PNC,4.558611111,anat
PNC,4.493888889,anat
PNC,4.556944444,anat
PNC,4.556111111,anat
PNC,4.560555556,anat
PNC,4.616666667,anat
PNC,4.553611111,anat
PNC,4.628888889,anat
PNC,4.585833333,anat
PNC,4.546111111,anat
PNC,4.531388889,anat
PNC,4.5725,anat
PNC,4.712222222,anat
PNC,4.669444444,anat
PNC,3.800833333,anat
PNC,4.558611111,anat
PNC,3.884166667,anat
PNC,0.493611111,asl
PNC,0.371666667,asl
PNC,0.187777778,asl
PNC,0.187777778,asl
PNC,0.349722222,asl
PNC,0.188611111,asl
PNC,0.1875,asl
PNC,0.188055556,asl
PNC,0.345277778,asl
PNC,0.39,asl
PNC,0.275277778,asl
PNC,0.3125,asl
PNC,0.1775,asl
PNC,0.177222222,asl
PNC,0.400833333,asl
PNC,0.177222222,asl
PNC,0.177222222,asl
PNC,0.183333333,asl
PNC,0.177222222,asl
PNC,0.334444444,asl
PNC,0.172777778,asl
PNC,0.485555556,asl
PNC,0.181388889,asl
PNC,0.436666667,asl
PNC,0.166666667,asl
PNC,0.177777778,asl
PNC,0.379444444,asl
PNC,0.18,asl
PNC,0.176666667,asl
PNC,0.481666667,asl
PNC,0.178333333,asl
PNC,0.498055556,asl
PNC,0.269722222,asl
PNC,0.176388889,asl
PNC,0.485555556,asl
PNC,0.498611111,asl
PNC,0.180555556,asl
PNC,0.177222222,asl
PNC,0.310277778,asl
PNC,0.480555556,asl
PNC,0.156666667,asl
PNC,0.182222222,asl
PNC,0.368611111,asl
PNC,0.179722222,asl
PNC,0.180555556,asl
PNC,0.380277778,asl
PNC,0.180555556,asl
PNC,0.184166667,asl
PNC,0.275,asl
PNC,0.366944444,asl
PNC,0.379444444,asl
PNC,0.180277778,asl
PNC,0.319166667,asl
PNC,0.181944444,asl
PNC,0.171944444,asl
PNC,0.178055556,asl
PNC,0.296111111,asl
PNC,0.405277778,asl
PNC,0.176944444,asl
PNC,0.175277778,asl
PNC,0.252222222,asl
PNC,0.178333333,asl
PNC,0.499166667,asl
PNC,0.386388889,asl
PNC,0.150277778,asl
PNC,0.37,asl
PNC,0.367777778,asl
PNC,0.248888889,asl
PNC,0.187777778,asl
PNC,0.280277778,asl
PNC,0.277777778,asl
PNC,0.159166667,asl
PNC,0.406944444,asl
PNC,0.496388889,asl
PNC,0.178611111,asl
PNC,0.489444444,asl
PNC,0.177222222,asl
PNC,0.178611111,asl
PNC,0.1775,asl
PNC,0.498333333,asl
PNC,0.4925,asl
PNC,0.471111111,asl
PNC,0.490555556,asl
PNC,0.153888889,asl
PNC,0.484166667,asl
PNC,0.177777778,asl
PNC,0.478888889,asl
PNC,0.175555556,asl
PNC,0.492222222,asl
PNC,0.495277778,asl
PNC,0.155833333,asl
PNC,0.333333333,asl
PNC,0.271111111,asl
PNC,0.17,asl
PNC,0.491666667,asl
PNC,0.181111111,asl
PNC,0.361666667,asl
PNC,0.180277778,asl
PNC,0.179444444,asl
PNC,0.180277778,asl
PNC,0.288055556,asl
PNC,0.18,asl
IRR,4.706666667,anat
IRR,4.654444444,anat
IRR,4.637222222,anat
IRR,4.688888889,anat
IRR,4.793888889,anat
IRR,4.650555556,anat
IRR,4.653333333,anat
IRR,4.601666667,anat
IRR,4.651388889,anat
IRR,4.673611111,anat
IRR,4.610555556,anat
IRR,4.576666667,anat
IRR,4.671666667,anat
IRR,4.600555556,anat
IRR,4.651111111,anat
IRR,5.439444444,anat
IRR,4.634166667,anat
IRR,4.626944444,anat
IRR,4.646111111,anat
IRR,4.676111111,anat
IRR,4.838611111,anat
IRR,4.757777778,anat
IRR,4.647777778,anat
IRR,4.622222222,anat
IRR,4.604722222,anat
IRR,4.7575,anat
IRR,4.616111111,anat
IRR,4.105833333,anat
IRR,4.774444444,anat
IRR,4.571666667,anat
IRR,3.503333333,anat
IRR,4.730277778,anat
IRR,4.733888889,anat
IRR,4.935555556,anat
IRR,4.747222222,anat
IRR,4.601666667,anat
IRR,4.576944444,anat
IRR,4.716111111,anat
IRR,4.645833333,anat
IRR,4.64,anat
IRR,4.625277778,anat
IRR,4.566388889,anat
IRR,4.656944444,anat
IRR,4.658888889,anat
IRR,4.758611111,anat
IRR,4.818333333,anat
IRR,4.633333333,anat
IRR,4.616388889,anat
IRR,4.604722222,anat
IRR,4.819166667,anat
IRR,4.654444444,anat
IRR,4.641944444,anat
IRR,4.559444444,anat
IRR,4.002222222,anat
IRR,4.7675,anat
IRR,4.57,anat
IRR,4.733888889,anat
IRR,4.640277778,anat
IRR,4.643611111,anat
IRR,4.791111111,anat
IRR,4.67,anat
IRR,4.596388889,anat
IRR,3.646666667,anat
IRR,5.403888889,anat
IRR,4.638888889,anat
IRR,4.789166667,anat
IRR,4.678333333,anat
IRR,4.623333333,anat
IRR,4.689444444,anat
IRR,4.737222222,anat
IRR,4.623611111,anat
IRR,4.669444444,anat
IRR,4.693611111,anat
IRR,4.219444444,anat
IRR,4.774166667,anat
IRR,4.579444444,anat
IRR,4.716944444,anat
IRR,4.751666667,anat
IRR,5.275277778,anat
IRR,4.702777778,anat
IRR,4.9875,anat
IRR,5.313888889,anat
IRR,4.662777778,anat
IRR,5.296944444,anat
IRR,4.6225,anat
IRR,4.788333333,anat
IRR,3.57,anat
IRR,4.636388889,anat
IRR,4.746666667,anat
IRR,4.686944444,anat
IRR,4.035,anat
IRR,4.730833333,anat
IRR,4.595555556,anat
IRR,5.038055556,anat
IRR,4.701666667,anat
IRR,4.756944444,anat
IRR,5.325555556,anat
IRR,4.675833333,anat
IRR,5.112777778,anat
IRR,4.687222222,anat
IRR,4.643333333,anat
IRR,4.275277778,anat
IRR,4.753888889,anat
IRR,3.613055556,anat
IRR,5.406388889,anat
IRR,4.7225,anat
IRR,5.095277778,anat
IRR,4.886944444,anat
IRR,4.678611111,anat
IRR,5.313333333,anat
IRR,4.6675,anat
IRR,4.049444444,anat
IRR,4.69,anat
IRR,5.089166667,anat
IRR,3.630833333,anat
IRR,4.817222222,anat
IRR,5.3,anat
IRR,4.591388889,anat
IRR,5.109722222,anat
IRR,4.231111111,anat
IRR,4.703611111,anat
IRR,5.454722222,anat
IRR,5.153611111,anat
IRR,4.8125,anat
IRR,5.3025,anat
IRR,5.110277778,anat
IRR,4.775555556,anat
IRR,5.331944444,anat
IRR,5.000833333,anat
IRR,5.414444444,anat
IRR,4.226111111,anat
IRR,4.542777778,anat
IRR,4.600277778,anat
IRR,4.889166667,anat
IRR,5.305277778,anat
IRR,5.074444444,anat
IRR,5.321111111,anat
IRR,5.079444444,anat
IRR,5.372777778,anat
IRR,4.8425,anat
IRR,5.262777778,anat
IRR,5.074444444,anat
IRR,3.535277778,anat
IRR,3.657777778,anat
IRR,3.549722222,anat
IRR,5.3775,anat
IRR,3.416111111,anat
IRR,3.958611111,anat
IRR,4.587777778,anat
IRR,4.754166667,anat
IRR,4.589444444,anat
IRR,4.786111111,anat
IRR,0.304444444,asl
IRR,0.32,asl
IRR,0.251388889,asl
IRR,0.315555556,asl
IRR,0.312222222,asl
IRR,0.3,asl
IRR,0.316666667,asl
IRR,0.310277778,asl
IRR,0.325277778,asl
IRR,0.303888889,asl
IRR,0.316388889,asl
IRR,0.276944444,asl
IRR,0.318055556,asl
IRR,0.306666667,asl
IRR,0.313055556,asl
IRR,0.319444444,asl
IRR,0.319166667,asl
IRR,0.300277778,asl
IRR,0.280555556,asl
IRR,0.320277778,asl
IRR,0.307222222,asl
IRR,0.315555556,asl
IRR,0.134722222,asl
IRR,0.318611111,asl
IRR,0.320277778,asl
IRR,0.316944444,asl
IRR,0.303333333,asl
IRR,0.303888889,asl
IRR,0.312777778,asl
IRR,0.311666667,asl
IRR,0.251111111,asl
IRR,0.286388889,asl
IRR,0.305277778,asl
IRR,0.295833333,asl
IRR,0.311388889,asl
IRR,0.251388889,asl
IRR,0.294166667,asl
IRR,0.297222222,asl
IRR,0.245555556,asl
IRR,0.315833333,asl
IRR,0.320833333,asl
IRR,0.312222222,asl
IRR,0.319166667,asl
IRR,0.315,asl
IRR,0.259722222,asl
IRR,0.2675,asl
IRR,0.293888889,asl
IRR,0.3275,asl
IRR,0.316388889,asl
IRR,0.301388889,asl
IRR,0.304722222,asl
IRR,0.315277778,asl
IRR,0.12,asl
IRR,0.251388889,asl
IRR,0.293888889,asl
IRR,0.304722222,asl
IRR,0.304444444,asl
IRR,0.236388889,asl
IRR,0.261666667,asl
IRR,0.236388889,asl
IRR,0.311111111,asl
IRR,0.256666667,asl
IRR,0.299166667,asl
IRR,0.321111111,asl
IRR,0.313611111,asl
IRR,0.316944444,asl
IRR,0.310833333,asl
IRR,0.307777778,asl
IRR,0.310555556,asl
IRR,0.328333333,asl
IRR,0.306388889,asl
IRR,0.306388889,asl
IRR,0.300555556,asl
IRR,0.265555556,asl
IRR,0.311944444,asl
IRR,0.295555556,asl
IRR,0.309722222,asl
IRR,0.305833333,asl
IRR,0.326944444,asl
IRR,0.306111111,asl
IRR,0.180833333,asl
IRR,0.231944444,asl
IRR,0.285,asl
IRR,0.312222222,asl
IRR,0.179166667,asl
IRR,0.283333333,asl
IRR,0.318333333,asl
IRR,0.309444444,asl
IRR,0.310833333,asl
IRR,0.237222222,asl
IRR,0.323611111,asl
IRR,0.325,asl
IRR,0.322222222,asl
IRR,0.285,asl
IRR,0.293888889,asl
IRR,0.2525,asl
IRR,0.299444444,asl
IRR,0.286388889,asl
IRR,0.260277778,asl
IRR,0.300555556,asl
IRR,0.336666667,asl
IRR,0.320277778,asl
IRR,0.262777778,asl
IRR,0.306388889,asl
IRR,0.234722222,asl
IRR,0.298333333,asl
IRR,0.328333333,asl
IRR,0.305277778,asl
IRR,0.316111111,asl
IRR,0.320833333,asl
IRR,0.235555556,asl
IRR,0.303888889,asl
IRR,0.311388889,asl
IRR,0.302222222,asl
IRR,0.304444444,asl
IRR,0.240555556,asl
IRR,0.252222222,asl
IRR,0.324444444,asl
IRR,0.319444444,asl
IRR,0.305277778,asl
IRR,0.284444444,asl
IRR,0.317777778,asl
IRR,0.299722222,asl
IRR,0.252222222,asl
IRR,0.236111111,asl
IRR,0.304444444,asl
IRR,0.323888889,asl
IRR,0.329722222,asl
IRR,0.319722222,asl
IRR,0.312222222,asl
IRR,0.3,asl
IRR,0.314166667,asl
IRR,0.324166667,asl
IRR,0.305277778,asl
IRR,0.2325,asl
IRR,0.240555556,asl
IRR,0.290833333,asl
IRR,0.290277778,asl
IRR,0.314722222,asl
IRR,0.235555556,asl
IRR,0.313611111,asl
IRR,0.249444444,asl
IRR,0.241666667,asl
IRR,0.315555556,asl
IRR,0.312222222,asl
IRR,0.325,asl
IRR,0.282777778,asl
IRR,0.306111111,asl
IRR,0.301388889,asl
IRR,0.336666667,asl
IRR,0.306666667,asl
IRR,0.324722222,asl
FTD,3.748888889,anat
FTD,4.430833333,anat
FTD,4.483611111,anat
FTD,3.939444444,anat
FTD,4.048611111,anat
FTD,4.422777778,anat
FTD,4.455555556,anat
FTD,3.885555556,anat
FTD,3.755277778,anat
FTD,3.815277778,anat
FTD,4.466666667,anat
FTD,4.527777778,anat
FTD,4.3875,anat
FTD,4.486388889,anat
FTD,4.433055556,anat
FTD,4.029722222,anat
FTD,4.533333333,anat
FTD,4.453611111,anat
FTD,4.587777778,anat
FTD,3.841944444,anat
FTD,4.423055556,anat
FTD,4.472777778,anat
FTD,4.565277778,anat
FTD,4.480555556,anat
FTD,4.507222222,anat
FTD,4.542777778,anat
FTD,4.448055556,anat
FTD,3.825277778,anat
FTD,3.752222222,anat
FTD,4.572777778,anat
FTD,4.485833333,anat
FTD,3.414722222,anat
FTD,4.456388889,anat
FTD,4.476666667,anat
FTD,4.441111111,anat
FTD,3.365833333,anat
FTD,4.490277778,anat
FTD,4.486666667,anat
FTD,4.4625,anat
FTD,4.454722222,anat
FTD,4.485833333,anat
FTD,4.471388889,anat
FTD,4.471666667,anat
FTD,4.543611111,anat
FTD,3.384166667,anat
FTD,4.424444444,anat
FTD,4.438055556,anat
FTD,3.810833333,anat
FTD,4.534444444,anat
FTD,4.5175,anat
FTD,3.948888889,anat
FTD,4.5325,anat
FTD,4.004166667,anat
FTD,4.551111111,anat
FTD,4.452222222,anat
FTD,4.571388889,anat
FTD,4.381666667,anat
FTD,4.491388889,anat
FTD,4.4525,anat
FTD,4.491666667,anat
FTD,4.571944444,anat
FTD,3.801388889,anat
FTD,4.403055556,anat
FTD,3.778888889,anat
FTD,3.803888889,anat
FTD,4.493333333,anat
FTD,3.436944444,anat
FTD,4.457777778,anat
FTD,4.498888889,anat
FTD,3.824722222,anat
FTD,4.542777778,anat
FTD,3.922222222,anat
FTD,3.969166667,anat
FTD,3.441666667,anat
FTD,4.469166667,anat
FTD,4.495,anat
FTD,4.004444444,anat
FTD,4.380833333,anat
FTD,4.455833333,anat
FTD,4.478333333,anat
FTD,4.510555556,anat
FTD,4.463055556,anat
FTD,3.843055556,anat
FTD,4.447777778,anat
FTD,4.016388889,anat
FTD,4.450555556,anat
FTD,4.438611111,anat
FTD,4.475555556,anat
FTD,4.415555556,anat
FTD,4.46,anat
FTD,4.008888889,anat
FTD,3.398055556,anat
FTD,4.377777778,anat
FTD,4.476666667,anat
FTD,4.463611111,anat
FTD,3.381388889,anat
FTD,3.365555556,anat
FTD,4.476111111,anat
FTD,3.423333333,anat
FTD,3.451666667,anat
FTD,3.431944444,anat
FTD,3.414722222,anat
FTD,3.429444444,anat
FTD,3.448611111,anat
FTD,3.451666667,anat
FTD,3.525,anat
FTD,3.415555556,anat
FTD,3.426111111,anat
FTD,3.383611111,anat
FTD,3.47,anat
FTD,3.428055556,anat
FTD,3.422222222,anat
FTD,3.406388889,anat
FTD,3.372777778,anat
FTD,0.306944444,asl
FTD,0.375277778,asl
FTD,0.281111111,asl
FTD,0.251111111,asl
FTD,0.409722222,asl
FTD,0.35,asl
FTD,0.273055556,asl
FTD,0.363055556,asl
FTD,0.413333333,asl
FTD,0.376944444,asl
FTD,0.262777778,asl
FTD,0.386944444,asl
FTD,0.346666667,asl
FTD,0.298611111,asl
FTD,0.29,asl
FTD,0.44,asl
FTD,0.3725,asl
FTD,0.378055556,asl
FTD,0.298333333,asl
FTD,0.406111111,asl
FTD,0.438055556,asl
FTD,0.411666667,asl
FTD,0.279722222,asl
FTD,0.298333333,asl
FTD,0.296666667,asl
FTD,0.396388889,asl
FTD,0.320277778,asl
FTD,0.39,asl
FTD,0.308611111,asl
FTD,0.236666667,asl
FTD,0.370555556,asl
FTD,0.393888889,asl
FTD,0.311111111,asl
FTD,0.364166667,asl
FTD,0.295833333,asl
FTD,0.366388889,asl
FTD,0.348333333,asl
FTD,0.310277778,asl
FTD,0.391944444,asl
FTD,0.300277778,asl
FTD,0.297777778,asl
FTD,0.365277778,asl
FTD,0.326388889,asl
FTD,0.395,asl
FTD,0.408611111,asl
FTD,0.291666667,asl
FTD,0.376666667,asl
FTD,0.413055556,asl
FTD,0.2825,asl
FTD,0.431111111,asl
FTD,0.294166667,asl
FTD,0.267777778,asl
FTD,0.373333333,asl
FTD,0.338333333,asl
FTD,0.436666667,asl
FTD,0.361944444,asl
FTD,0.416666667,asl
FTD,0.339166667,asl
FTD,0.38,asl
FTD,0.376666667,asl
FTD,0.475833333,asl
FTD,0.4025,asl
FTD,0.281666667,asl
FTD,0.404444444,asl
FTD,0.361666667,asl
FTD,0.28,asl
FTD,0.315277778,asl
FTD,0.393888889,asl
FTD,0.428333333,asl
FTD,0.260555556,asl
FTD,0.415833333,asl
FTD,0.4225,asl
FTD,0.290555556,asl
FTD,0.339722222,asl
FTD,0.375833333,asl
FTD,0.300833333,asl
FTD,0.401944444,asl
FTD,0.363888889,asl
FTD,0.365277778,asl
FTD,0.294444444,asl
FTD,0.333611111,asl
FTD,0.332222222,asl
FTD,0.275,asl
FTD,0.3525,asl
FTD,0.265,asl
FTD,0.3575,asl
FTD,0.300277778,asl
FTD,0.363888889,asl
FTD,0.42,asl
FTD,0.407222222,asl
FTD,0.389722222,asl
FTD,0.336666667,asl
FTD,0.349444444,asl
FTD,0.359444444,asl
FTD,0.391111111,asl
FTD,0.278333333,asl
FTD,0.296944444,asl
FTD,0.373611111,asl
FTD,0.370277778,asl
FTD,0.280833333,asl
FTD,0.353888889,asl
FTD,0.287222222,asl
FTD,0.267777778,asl
FTD,0.2825,asl
FTD,0.343333333,asl
FTD,0.386111111,asl
FTD,0.288611111,asl
FTD,0.302222222,asl
FTD,0.406388889,asl
FTD,0.3475,asl
FTD,0.381666667,asl
FTD,0.395,asl
FTD,0.414722222,asl
FTD,0.306388889,asl
AGE,4.418888889,anat
AGE,4.3725,anat
AGE,3.5625,anat
AGE,3.565277778,anat
AGE,4.458611111,anat
AGE,3.668888889,anat
AGE,4.444166667,anat
AGE,4.376388889,anat
AGE,4.463888889,anat
AGE,4.398333333,anat
AGE,3.661944444,anat
AGE,4.423888889,anat
AGE,4.415555556,anat
AGE,3.478055556,anat
AGE,4.347777778,anat
AGE,3.7675,anat
AGE,4.506666667,anat
AGE,4.450277778,anat
AGE,4.353611111,anat
AGE,4.326388889,anat
AGE,4.377222222,anat
AGE,4.183888889,anat
AGE,4.2625,anat
AGE,3.690555556,anat
AGE,4.3775,anat
AGE,4.342777778,anat
AGE,4.394166667,anat
AGE,3.292222222,anat
AGE,4.331944444,anat
AGE,4.317222222,anat
AGE,4.481666667,anat
AGE,4.369166667,anat
AGE,4.376111111,anat
AGE,3.538611111,anat
AGE,4.442777778,anat
AGE,4.389166667,anat
AGE,4.362777778,anat
AGE,4.399722222,anat
AGE,4.368333333,anat
AGE,3.520277778,anat
AGE,4.447777778,anat
AGE,4.162777778,anat
AGE,4.363333333,anat
AGE,4.356111111,anat
AGE,4.390555556,anat
AGE,4.323333333,anat
AGE,4.305,anat
AGE,4.381388889,anat
AGE,4.403611111,anat
AGE,4.396666667,anat
AGE,4.260555556,anat
AGE,4.311666667,anat
AGE,3.476388889,anat
AGE,4.305833333,anat
AGE,4.396388889,anat
AGE,4.353611111,anat
AGE,4.406388889,anat
AGE,4.320555556,anat
AGE,3.390833333,anat
AGE,4.267777778,anat
AGE,3.664444444,anat
AGE,4.406388889,anat
AGE,4.412777778,anat
AGE,0.220555556,asl
AGE,0.199166667,asl
AGE,0.227777778,asl
AGE,0.218888889,asl
AGE,0.218333333,asl
AGE,0.200833333,asl
AGE,0.232222222,asl
AGE,0.225277778,asl
AGE,0.196944444,asl
AGE,0.217777778,asl
AGE,0.201666667,asl
AGE,0.2175,asl
AGE,0.225833333,asl
AGE,0.223055556,asl
AGE,0.193055556,asl
AGE,0.219166667,asl
AGE,0.195,asl
AGE,0.190555556,asl
AGE,0.230277778,asl
AGE,0.1975,asl
AGE,0.233333333,asl
AGE,0.231666667,asl
AGE,0.213333333,asl
AGE,0.206666667,asl
AGE,0.215277778,asl
AGE,0.220555556,asl
AGE,0.216388889,asl
AGE,0.234166667,asl
AGE,0.1875,asl
AGE,0.214722222,asl
AGE,0.192777778,asl
AGE,0.215833333,asl
AGE,0.225833333,asl
AGE,0.220833333,asl
AGE,0.223055556,asl
AGE,0.220833333,asl
AGE,0.201944444,asl
AGE,0.181944444,asl
AGE,0.210555556,asl
AGE,0.209444444,asl
AGE,0.221111111,asl
AGE,0.203888889,asl
AGE,0.219722222,asl
AGE,0.181111111,asl
AGE,0.219166667,asl
AGE,0.186944444,asl
AGE,0.226666667,asl
AGE,0.191944444,asl
AGE,0.193055556,asl
AGE,0.190833333,asl
AGE,0.216666667,asl
AGE,0.218055556,asl
AGE,0.194444444,asl
AGE,0.231388889,asl
AGE,0.22,asl
AGE,0.210277778,asl
AGE,0.216388889,asl
AGE,0.229166667,asl
AGE,0.220555556,asl
AGE,0.180555556,asl
AGE,0.216666667,asl
AGE,0.188333333,asl
AGE,0.218333333,asl